Metric,Low,High,accuracy,macro avg,weighted avg,roc_auc
precision,0.36,0.7066666666666667,0.568,0.5333333333333333,0.5957333333333333,0.5152941176470588
recall,0.45,0.6235294117647059,0.568,0.5367647058823529,0.568,0.5152941176470588
f1-score,0.4,0.6625,0.568,0.53125,0.5785,0.5152941176470588
support,40.0,85.0,0.568,125.0,125.0,0.5152941176470588
