Metric,Low,High,accuracy,macro avg,weighted avg,roc_auc
precision,0.23809523809523808,0.7,0.4891304347826087,0.46904761904761905,0.5744824016563147,0.46268656716417905
recall,0.4,0.5223880597014925,0.4891304347826087,0.46119402985074626,0.4891304347826087,0.46268656716417905
f1-score,0.29850746268656714,0.5982905982905983,0.4891304347826087,0.4483990304885827,0.5168277897025463,0.46268656716417905
support,25.0,67.0,0.4891304347826087,92.0,92.0,0.46268656716417905
