Metric,Low,High,accuracy,macro avg,weighted avg,roc_auc
precision,0.25,0.695364238410596,0.6838709677419355,0.472682119205298,0.5603183080538346,0.5309298660362489
recall,0.02127659574468085,0.9722222222222222,0.6838709677419355,0.49674940898345155,0.6838709677419355,0.5309298660362489
f1-score,0.0392156862745098,0.8108108108108109,0.6838709677419355,0.4250132485426603,0.5768432569191583,0.5309298660362489
support,47.0,108.0,0.6838709677419355,155.0,155.0,0.5309298660362489
