Metric,Low,High,accuracy,macro avg,weighted avg,roc_auc
precision,0.0,0.6791044776119403,0.6791044776119403,0.33955223880597013,0.4611828915125863,0.7193968821875798
recall,0.0,1.0,0.6791044776119403,0.5,0.6791044776119403,0.7193968821875798
f1-score,0.0,0.8088888888888889,0.6791044776119403,0.40444444444444444,0.5493200663349916,0.7193968821875798
support,43.0,91.0,0.6791044776119403,134.0,134.0,0.7193968821875798
