Metric,Low,High,accuracy,macro avg,weighted avg,roc_auc
precision,0.0,0.821917808219178,0.821917808219178,0.410958904109589,0.6755488834678176,0.5733974358974359
recall,0.0,1.0,0.821917808219178,0.5,0.821917808219178,0.5733974358974359
f1-score,0.0,0.9022556390977443,0.821917808219178,0.45112781954887216,0.7415799773406118,0.5733974358974359
support,26.0,120.0,0.821917808219178,146.0,146.0,0.5733974358974359
