Metric,Low,High,accuracy,macro avg,weighted avg,roc_auc
precision,0.4434782608695652,0.0,0.4434782608695652,0.2217391304347826,0.19667296786389415,0.23651960784313725
recall,1.0,0.0,0.4434782608695652,0.5,0.4434782608695652,0.23651960784313725
f1-score,0.6144578313253012,0.0,0.4434782608695652,0.3072289156626506,0.27249869041382924,0.23651960784313725
support,51.0,64.0,0.4434782608695652,115.0,115.0,0.23651960784313725
