Metric,Low,High,accuracy,macro avg,weighted avg,roc_auc
precision,0.3235294117647059,0.6956521739130435,0.392,0.5095907928388747,0.5765728900255754,0.5255882352941177
recall,0.825,0.18823529411764706,0.392,0.5066176470588235,0.392,0.5255882352941177
f1-score,0.4647887323943662,0.2962962962962963,0.392,0.38054251434533126,0.35021387584767866,0.5255882352941177
support,40.0,85.0,0.392,125.0,125.0,0.5255882352941177
