Metric,Low,High,accuracy,macro avg,weighted avg,roc_auc
precision,0.0,0.7191011235955056,0.6956521739130435,0.3595505617977528,0.5236932095749878,0.4925373134328358
recall,0.0,0.9552238805970149,0.6956521739130435,0.47761194029850745,0.6956521739130435,0.4925373134328358
f1-score,0.0,0.8205128205128205,0.6956521739130435,0.41025641025641024,0.5975473801560758,0.4925373134328358
support,25.0,67.0,0.6956521739130435,92.0,92.0,0.4925373134328358
