Metric,Low,High,accuracy,macro avg,weighted avg,roc_auc
precision,0.2727272727272727,0.6944444444444444,0.6645161290322581,0.48358585858585856,0.5665689149560117,0.5197005516154453
recall,0.06382978723404255,0.9259259259259259,0.6645161290322581,0.49487785657998423,0.6645161290322581,0.5197005516154453
f1-score,0.10344827586206896,0.7936507936507936,0.6645161290322581,0.4485495347564313,0.5843635785793738,0.5197005516154453
support,47.0,108.0,0.6645161290322581,155.0,155.0,0.5197005516154453
