Metric,Low,High,accuracy,macro avg,weighted avg,roc_auc
precision,0.3333333333333333,0.6793893129770993,0.6716417910447762,0.5063613231552163,0.5683414986138012,0.7147968310759008
recall,0.023255813953488372,0.978021978021978,0.6716417910447762,0.5006388959877331,0.6716417910447762,0.7147968310759008
f1-score,0.043478260869565216,0.8018018018018018,0.6716417910447762,0.4226400313356835,0.5584591729951885,0.7147968310759008
support,43.0,91.0,0.6716417910447762,134.0,134.0,0.7147968310759008
