Metric,Low,High,accuracy,macro avg,weighted avg,roc_auc
precision,0.0,0.8037383177570093,0.8037383177570093,0.40186915887850466,0.6459952834308673,0.4108527131782945
recall,0.0,1.0,0.8037383177570093,0.5,0.8037383177570093,0.4108527131782945
f1-score,0.0,0.8911917098445595,0.8037383177570093,0.44559585492227977,0.7162849256694591,0.4108527131782945
support,21.0,86.0,0.8037383177570093,107.0,107.0,0.4108527131782945
