Metric,Low,High,accuracy,macro avg,weighted avg,roc_auc
precision,0.0625,0.7894736842105263,0.6301369863013698,0.42598684210526316,0.6600126171593368,0.4384615384615385
recall,0.07692307692307693,0.75,0.6301369863013698,0.41346153846153844,0.6301369863013698,0.4384615384615385
f1-score,0.06896551724137931,0.7692307692307693,0.6301369863013698,0.4190981432360743,0.6445259983285491,0.4384615384615385
support,26.0,120.0,0.6301369863013698,146.0,146.0,0.4384615384615385
