Metric,Low,High,accuracy,macro avg,weighted avg,roc_auc
precision,0.3611111111111111,0.6966292134831461,0.6,0.5288701622971286,0.5892634207240949,0.5073529411764706
recall,0.325,0.7294117647058823,0.6,0.5272058823529412,0.6,0.5073529411764706
f1-score,0.34210526315789475,0.7126436781609196,0.6,0.5273744706594071,0.5940713853599516,0.5073529411764706
support,40.0,85.0,0.6,125.0,125.0,0.5073529411764706
