Metric,Low,High,accuracy,macro avg,weighted avg,roc_auc
precision,0.5357142857142857,0.84375,0.75,0.6897321428571428,0.7600446428571428,0.7414925373134329
recall,0.6,0.8059701492537313,0.75,0.7029850746268657,0.75,0.7414925373134329
f1-score,0.5660377358490566,0.8244274809160306,0.75,0.6952326083825435,0.7542128762782659,0.7414925373134329
support,25.0,67.0,0.75,92.0,92.0,0.7414925373134329
