Metric,Low,High,accuracy,macro avg,weighted avg,roc_auc
precision,0.0,0.6967741935483871,0.6967741935483871,0.34838709677419355,0.4854942767950052,0.5447202521670607
recall,0.0,1.0,0.6967741935483871,0.5,0.6967741935483871,0.5447202521670607
f1-score,0.0,0.8212927756653993,0.6967741935483871,0.41064638783269963,0.572255611431375,0.5447202521670607
support,47.0,108.0,0.6967741935483871,155.0,155.0,0.5447202521670607
