Metric,Low,High,accuracy,macro avg,weighted avg,roc_auc
precision,0.352112676056338,0.7142857142857143,0.5223880597014925,0.5331991951710262,0.5980660079882278,0.5088167646307181
recall,0.5813953488372093,0.4945054945054945,0.5223880597014925,0.537950421671352,0.5223880597014925,0.5088167646307181
f1-score,0.43859649122807015,0.5844155844155844,0.5223880597014925,0.5115060378218272,0.5376228903330239,0.5088167646307181
support,43.0,91.0,0.5223880597014925,134.0,134.0,0.5088167646307181
