Metric,Low,High,accuracy,macro avg,weighted avg,roc_auc
precision,0.14893617021276595,0.7666666666666667,0.4953271028037383,0.45780141843971633,0.6454298402598263,0.4141749723145072
recall,0.3333333333333333,0.5348837209302325,0.4953271028037383,0.43410852713178294,0.49532710280373826,0.4141749723145072
f1-score,0.20588235294117646,0.6301369863013698,0.4953271028037383,0.41800966962127317,0.546872058258715,0.4141749723145072
support,21.0,86.0,0.4953271028037383,107.0,107.0,0.4141749723145072
