Metric,Low,High,accuracy,macro avg,weighted avg,roc_auc
precision,0.0967741935483871,0.8,0.6506849315068494,0.4483870967741936,0.6747680070702607,0.41634615384615387
recall,0.11538461538461539,0.7666666666666667,0.6506849315068494,0.44102564102564107,0.6506849315068494,0.41634615384615387
f1-score,0.10526315789473684,0.7829787234042553,0.6506849315068494,0.4441209406494961,0.662289650094341,0.41634615384615387
support,26.0,120.0,0.6506849315068494,146.0,146.0,0.41634615384615387
