Metric,Low,High,accuracy,macro avg,weighted avg,roc_auc
precision,0.4918032786885246,0.6037735849056604,0.543859649122807,0.5477884317970925,0.5536816058085207,0.4945533769063181
recall,0.5882352941176471,0.5079365079365079,0.543859649122807,0.5480859010270775,0.543859649122807,0.4945533769063181
f1-score,0.5357142857142857,0.5517241379310345,0.543859649122807,0.5437192118226601,0.5445618356235417,0.4945533769063181
support,51.0,63.0,0.543859649122807,114.0,114.0,0.4945533769063181
